{"enemy_memory": [], "ally_memory": [], "pack_memory": [], "time": 1684837866.4795504, "pos": [139.98545994111336, 0.0, 215.01454005888664], "dest": [184, 0, 144], "health": 100, "ammo": 100, "safest_point": [-1, -1, -1]}