{"enemy_memory": [], "ally_memory": [], "pack_memory": [], "time": 1684929626.8129842, "pos": [184.0, 0.0, 169.19999999999925], "dest": [184, 0, 144], "health": 100, "ammo": 100, "safest_point": [-1, -1, -1]}